id,createTime,diggCount,shareCount,playCount,commentCount,hashtag_foryoupage,hashtag_fyp
6898699405898059010,1606228625,936200,21100,15300000,27100,False,True
6902751117805899009,1607171987,2080,17,39300,19,False,False
6902751117805899009,1607171987,2080,17,39300,19,False,True
6902751117805899009,1607171987,2080,17,39300,19,True,False
6886417103046380801,1603368929,3275,338,65900,159,False,True
6883094233935252737,1602595262,23900,505,346500,181,False,True
6906818204966915330,1608118930,2501,16,71400,44,False,False
6892805816492084481,1604856417,2053,62,46800,42,False,True
6886765050355289346,1603449941,1251,46,50400,27,False,True
6886765050355289346,1603449941,1251,46,50400,27,False,False
6886765050355289346,1603449941,1251,46,50400,27,True,False
6890189236130073857,1604247197,4734,55,55100,306,False,True
6890189236130073857,1604247197,4734,55,55100,306,True,False
6890189236130073857,1604247197,4734,55,55100,306,False,False
6901321371113032962,1606839099,11300,27,155600,127,False,False
6901321371113032962,1606839099,11300,27,155600,127,False,True
6893611785295793410,1605044072,11800,220,49200,156,True,False
6888873392234056962,1603940829,458,3,943,8,False,True
6888873392234056962,1603940829,458,3,943,8,False,False
6888873392234056962,1603940829,458,3,943,8,True,False
6879952519586450690,1601863781,1742,75,44100,86,False,True
6879952519586450690,1601863781,1742,75,44100,86,False,False
6879952519586450690,1601863781,1742,75,44100,86,True,False
6884933059758755073,1603023398,274,2,3456,3,False,True
6884933059758755073,1603023398,274,2,3456,3,False,False
6895846066961337601,1605564281,7161,6,161600,80,False,True
6884933447480003842,1603023488,368,1,5189,13,False,True
6884933447480003842,1603023488,368,1,5189,13,False,False
6899411430660001026,1606394406,3997,2,34700,23,False,True
6898613799402753281,1606208694,2405,15,96400,48,False,True
6885861410329332998,1603239567,9522,75,64000,273,False,False
6885861410329332998,1603239567,9522,75,64000,273,False,True
6887645369895898369,1603654907,26300,30,173100,315,False,True
6887645369895898369,1603654907,26300,30,173100,315,False,False
6905761532039220482,1607872904,461700,102700,11100000,11600,False,True
6902412854188674306,1607093229,6454,19,63200,107,False,True
6902412854188674306,1607093229,6454,19,63200,107,False,False
6896962911969758466,1605824317,5480,22,44700,26,False,True
6896962911969758466,1605824317,5480,22,44700,26,False,False
6905705430886944002,1607859842,1472,114,49400,39,False,True
6884970166489271557,1603032116,9247,27,99600,60,False,True
6881218787157216514,1602158601,5898,689,171200,31,False,True
6904279792388984066,1607527910,9099,38,103000,124,True,False
6903247940127640834,1607287663,25700,518,197200,414,False,False
6905505804959452417,1607813366,13000,349,198500,52,True,False
6905505804959452417,1607813366,13000,349,198500,52,False,False
6903809474268646658,1607418406,20700,110,102400,86,False,True
6908111363365768453,1608420034,13400,860,89500,469,False,True
6907233534893640965,1608215666,16800,198,139300,150,False,False
6886872042411494658,1603474853,38700,915,202200,408,False,True
6886872042411494658,1603474853,38700,915,202200,408,True,False
6900302214896618757,1606601842,5328,56,53800,106,False,True
6880877914078842113,1602079235,154,1,3854,2,False,False
6880877914078842113,1602079235,154,1,3854,2,False,False
6880877914078842113,1602079235,154,1,3854,2,False,False
6899884198279073025,1606504481,218600,1197,1900000,2397,False,True
6899884198279073025,1606504481,218600,1197,1900000,2397,False,False
6899884198279073025,1606504481,218600,1197,1900000,2397,True,False
6877036154982616321,1601184758,198,8,1896,4,False,False
6877036154982616321,1601184758,198,8,1896,4,True,False
6877036154982616321,1601184758,198,8,1896,4,False,True
6877036154982616321,1601184758,198,8,1896,4,False,True
6876835225989664002,1601137974,153600,1975,1500000,1473,False,True
6888753654594145537,1603912949,305300,34100,3300000,3502,False,True
6901670973137898753,1606920497,15900,133,196900,176,False,False
6888474204623195397,1603847914,15800,1153,269900,81,False,True
6881662658794294529,1602261947,26000,133,252600,448,True,False
6881662658794294529,1602261947,26000,133,252600,448,False,True
6885802277555293441,1603225780,8581,182,117800,62,False,True
6893192903749913858,1604946542,447,10,26200,75,False,True
6893192903749913858,1604946542,447,10,26200,75,True,False
6893192903749913858,1604946542,447,10,26200,75,False,False
6898791307016146177,1606250022,7070,63,97900,222,False,False
6898791307016146177,1606250022,7070,63,97900,222,True,False
6905831259478461698,1607889140,1242,32,62900,104,False,True
6892756720829893890,1604844985,2380,106,57200,73,False,False
6892756720829893890,1604844985,2380,106,57200,73,True,False
6888254914754006274,1603796828,4896,198,43700,257,False,True
6884265711980645634,1602868018,171500,1762,2400000,1051,False,False
6884265711980645634,1602868018,171500,1762,2400000,1051,False,True
6893183413965147394,1604944333,2566,9,31800,96,False,False
6893183413965147394,1604944333,2566,9,31800,96,False,True
6885774617479302402,1603219339,441,15,58900,7,False,True
6899811757322194177,1606487614,5161,102,58300,51,False,False
6894926988453186817,1605350290,11600,96,103600,27,False,False
6895741298297359617,1605539886,24300,1508,331900,97,False,False
6904391934735944961,1607554022,17200,57,215600,80,False,True
6881035542830550278,1602115969,4851,25,71400,122,True,False
6881035542830550278,1602115969,4851,25,71400,122,False,True
6881035542830550278,1602115969,4851,25,71400,122,False,False
6886011511391718657,1603274495,4851,61,148200,22,False,True
6886011511391718657,1603274495,4851,61,148200,22,True,False
6908031436243225858,1608401408,846100,18300,5400000,7471,False,False
6908031436243225858,1608401408,846100,18300,5400000,7471,False,True
6908031436243225858,1608401408,846100,18300,5400000,7471,True,False
6886383962885737730,1603361212,277,78,6893,5,False,False
6886383962885737730,1603361212,277,78,6893,5,True,False
6886383962885737730,1603361212,277,78,6893,5,False,True
6882817271899770114,1602530779,1816,7,23100,66,False,False
6882817271899770114,1602530779,1816,7,23100,66,True,False
6882817271899770114,1602530779,1816,7,23100,66,False,True
6889769067306061057,1604149368,8516,380,50300,70,False,True
6883070138279677186,1602589653,1833,28,27600,87,False,False
6883070138279677186,1602589653,1833,28,27600,87,True,False
6883070138279677186,1602589653,1833,28,27600,87,False,True
6878668790503116038,1601564948,14700,121,102900,1112,False,True
6878668790503116038,1601564948,14700,121,102900,1112,False,False
6893935935684185346,1605119543,6529,18,73600,30,False,False
6893935935684185346,1605119543,6529,18,73600,30,False,True
6900102046876208386,1606555203,4220,29,38400,44,False,False
6900102046876208386,1606555203,4220,29,38400,44,False,True
6889831681469975810,1604163946,2925,22,51300,120,False,True
6889831681469975810,1604163946,2925,22,51300,120,False,False
6893140398403816706,1604934318,27700,142,351500,517,False,True
6878300825932860674,1601479211,16600,398,251100,76,False,True
6904174259589958913,1607503339,4634,63,92000,1,False,False
6904174259589958913,1607503339,4634,63,92000,1,False,True
6893282758790008065,1604967466,6842,107,43700,184,False,True
6902733196811635969,1607167815,4568,21,82700,91,False,True
6902733196811635969,1607167815,4568,21,82700,91,False,False
6906515542035746050,1608048461,4012,24,316800,93,False,False
6906515542035746050,1608048461,4012,24,316800,93,True,False
6895318771666308354,1605441509,1791,3,44600,36,False,True
6895318771666308354,1605441509,1791,3,44600,36,True,False
6895318771666308354,1605441509,1791,3,44600,36,False,False
6905698143560633602,1607858145,4597,286,64200,207,False,False
6905698143560633602,1607858145,4597,286,64200,207,False,True
6907818554905726214,1608351864,2475,11,92400,11,False,True
6889446389349125377,1604074239,1763,90,24200,12,False,True
6890707606579563781,1604367917,32100,43,393800,301,False,True
6904359798809054470,1607546558,21300,731,135100,603,False,True
6892784023928704258,1604851343,12600,534,54200,173,False,True
6892784023928704258,1604851343,12600,534,54200,173,False,False
6907808236133469445,1608349457,14700,287,69100,221,True,False
6907808236133469445,1608349457,14700,287,69100,221,False,True
6907808236133469445,1608349457,14700,287,69100,221,False,False
6895768030618438913,1605546111,2264,48,81800,60,False,True
6895806487784869122,1605555065,6274,636,1400000,173,False,True
6895806487784869122,1605555065,6274,636,1400000,173,True,False
6908292605101051137,1608462215,619000,2146,4000000,6991,False,True
6908292605101051137,1608462215,619000,2146,4000000,6991,True,False
6899842091749215489,1606494677,2685,116,67100,48,False,True
6883565215552654593,1602704922,9782,32,65300,144,False,True
6892015573861993730,1604672424,1651,15,46900,37,False,True
6897251091910528257,1605891413,1269,10,226500,29,False,False
6899519135198383361,1606419483,11700,87,175100,77,False,False
6899519135198383361,1606419483,11700,87,175100,77,True,False
6899519135198383361,1606419483,11700,87,175100,77,False,True
6899462833088531714,1606406374,5209,33,115600,169,False,True
6880225229415681282,1601927271,17600,372,113600,251,False,True
6880225229415681282,1601927271,17600,372,113600,251,True,False
6900932062853893378,1606748458,3412,145,41200,36,False,False
6894377684403604738,1605222398,69200,1486,1900000,373,False,True
6894377684403604738,1605222398,69200,1486,1900000,373,True,False
6900632361621392642,1606678677,3077,8,40900,42,False,False
6903091992268459265,1607251353,833,2,9373,6,False,True
6878517470894836998,1601529747,5845,14,117500,112,False,True
6878517470894836998,1601529747,5845,14,117500,112,False,False
6897028685413633281,1605839631,5791,74,111900,511,False,True
6897028685413633281,1605839631,5791,74,111900,511,True,False
6897028685413633281,1605839631,5791,74,111900,511,False,False
6878340953933876482,1601488554,8283,43,63700,119,True,False
6888847866157223169,1603934887,18800,1295,87600,219,False,True
6877301356101782785,1601246506,1957,69,45000,46,False,True
6877301356101782785,1601246506,1957,69,45000,46,False,False
6877301356101782785,1601246506,1957,69,45000,46,True,False
6882770369573358853,1602519905,19700,204,83100,539,False,True
6882770369573358853,1602519905,19700,204,83100,539,False,False
6882770369573358853,1602519905,19700,204,83100,539,True,False
6879871451772620033,1601844902,14700,63,90200,143,True,False
6903551807230872833,1607358412,6144,61,25000,25,False,True
6903551807230872833,1607358412,6144,61,25000,25,True,False
6876320502848261378,1601018132,801,15,8223,34,True,False
6884257667573894401,1602866145,13700,228,65900,75,False,True
6884153193425636610,1602841826,6111,16,62800,207,False,True
6891310470830034182,1604508309,8080,142,90800,178,True,False
6891310470830034182,1604508309,8080,142,90800,178,False,True
6891310470830034182,1604508309,8080,142,90800,178,False,False
6878841351916637441,1601605062,4304,208,49300,47,False,True
6878841351916637441,1601605062,4304,208,49300,47,False,False
6878841351916637441,1601605062,4304,208,49300,47,True,False
6880924761333959938,1602090142,6691,8,66200,112,False,True
6879439535726529794,1601744336,33800,3606,429100,473,False,True
6889452355486485762,1604075628,2247,1,42000,60,False,True
6895082457968725249,1605386489,1200000,14400,24800000,4454,False,False
6896035426092453122,1605608369,8860,71,113800,25,False,False
6875317312082201857,1600784558,1783,5,202900,4,False,False
6887853904697101570,1603703464,8093,83,76900,65,False,True
6886026780914846978,1603278050,3657,54,58200,14,False,True
6886026780914846978,1603278050,3657,54,58200,14,False,False
6883594464900779270,1602711773,12100,168,95700,77,True,False
6883594464900779270,1602711773,12100,168,95700,77,False,True
6883594464900779270,1602711773,12100,168,95700,77,False,False
6877179236386376961,1601218070,25900,2267,620300,579,False,False
6877179236386376961,1601218070,25900,2267,620300,579,False,True
6886619249889070337,1603415995,1842,18,25900,87,False,True
6886619249889070337,1603415995,1842,18,25900,87,False,False
6886619249889070337,1603415995,1842,18,25900,87,True,False
6899171884571626753,1606338633,103900,1548,351700,758,False,True
6876512902929599745,1601062929,199600,113,1000000,387,False,False
6905772202600189189,1607875411,5473,24,346100,41,False,False
6890594872328195333,1604341686,20000,210,111100,466,False,True
6890594872328195333,1604341686,20000,210,111100,466,False,False
6890594872328195333,1604341686,20000,210,111100,466,True,False
6900735754700459270,1606702780,9504,11,78300,112,True,False
6900735754700459270,1606702780,9504,11,78300,112,False,True
6900735754700459270,1606702780,9504,11,78300,112,False,False
6908113835845012742,1608420609,395200,21400,2900000,1890,False,True
6908113835845012742,1608420609,395200,21400,2900000,1890,False,False
6897005299798936834,1605834187,2409,37,36000,76,False,True
6897005299798936834,1605834187,2409,37,36000,76,False,False
6897005299798936834,1605834187,2409,37,36000,76,True,False
6895703273773321474,1605531033,13600,195,207900,94,False,False
6899555224801791234,1606427887,3434,39,33800,82,False,False
6882508731343506694,1602458968,20500,1570,142300,243,False,True
6903317821770484994,1607303936,48100,388,511200,460,False,True
6886856236667636993,1603471172,9025,1,67000,67,False,False
6899676363188473093,1606456137,114600,2564,478400,5892,False,True
6904256013650758914,1607522373,22100,228,253000,179,False,True
6904256013650758914,1607522373,22100,228,253000,179,False,False
6886527144478936321,1603394551,3808,212,53000,183,False,True
6886527144478936321,1603394551,3808,212,53000,183,False,False
6897026408372096261,1605839133,31900,45900,2800000,518,False,True
6884860645364354306,1603006538,5846,67,45800,56,False,True
6880161721349311746,1601912483,4751,29,58600,32,True,False
6880161721349311746,1601912483,4751,29,58600,32,False,False
6880161721349311746,1601912483,4751,29,58600,32,False,True
6877167604100910337,1601215362,6940,238,136600,81,False,False
6902115301094116610,1607023950,16700,539,94200,504,False,True
6902115301094116610,1607023950,16700,539,94200,504,True,False
6902424258006273281,1607095884,86000,1583,590600,2875,False,False
6902424258006273281,1607095884,86000,1583,590600,2875,False,True
6887617610196733186,1603648446,20500,58,69300,61,False,True
6887617610196733186,1603648446,20500,58,69300,61,False,False
6896760414055435521,1605777169,135700,11500,1100000,4146,False,True
6896760414055435521,1605777169,135700,11500,1100000,4146,True,False
6880508779109125378,1601993290,1116,23,12200,123,True,False
6880508779109125378,1601993290,1116,23,12200,123,False,True
6880508779109125378,1601993290,1116,23,12200,123,False,False
6893922616696999169,1605116442,2212,8,35200,147,False,True
6889466576051932421,1604078985,11700,12,128900,94,True,False
6889466576051932421,1604078985,11700,12,128900,94,False,True
6889466576051932421,1604078985,11700,12,128900,94,False,False
6901655785407909121,1606916960,112600,1017,540800,1179,False,True
6899086619228376321,1606318780,1466,17,102800,23,False,True
6899086619228376321,1606318780,1466,17,102800,23,True,False
6885161134748404998,1603076544,3329,12,105700,36,False,True
6899843622355750145,1606495034,21400,138,128200,180,True,False
6899843622355750145,1606495034,21400,138,128200,180,False,False
6875394675985992966,1600802606,5858,10,196400,81,True,False
6875394675985992966,1600802606,5858,10,196400,81,False,True
6875394675985992966,1600802606,5858,10,196400,81,False,False
6899727630472383746,1606468028,507,0,7037,23,True,False
6888453982440770821,1603843209,7042,354,61200,240,False,False
6888453982440770821,1603843209,7042,354,61200,240,False,True
6885674156655021314,1603195948,124,1,1418,5,True,False
6891793639643647238,1604620784,5688,234,52100,88,False,True
6907213826681261314,1608211043,74700,1666,748900,183,False,False
6907213826681261314,1608211043,74700,1666,748900,183,True,False
6898350532415540482,1606147396,5483,206,236000,100,True,False
6888353150521134338,1603819699,1795,18,87900,78,False,True
6897940245858258177,1606051869,1176,6,80600,35,False,False
6887890425844141313,1603711963,4449,29,120600,201,False,True
6902015702576762113,1607000760,4710,38,40200,52,False,True
6894047232274812165,1605145485,20900,131,75900,230,False,True
6894047232274812165,1605145485,20900,131,75900,230,False,False
6876860979787959554,1601143970,36500,15000,865000,315,False,False
6895338661622123777,1605446140,3697,41,92000,37,False,True
6895338661622123777,1605446140,3697,41,92000,37,False,False
6889428056704961793,1604069970,802,0,45300,33,False,True
6905816780938235138,1607885768,12700,142,297500,980,False,True
6898757137154051330,1606242067,1657,45,40500,143,False,False
6898757137154051330,1606242067,1657,45,40500,143,False,True
6907635850985704709,1608309327,6217,120,123500,228,False,True
6902420063882628357,1607094982,692300,48200,3500000,10700,False,True
6902420063882628357,1607094982,692300,48200,3500000,10700,True,False
6902420063882628357,1607094982,692300,48200,3500000,10700,False,False
6905763253192789253,1607873332,2243,42,396700,36,False,True
6888373722546294022,1603824533,24200,294,151900,428,False,True
6888373722546294022,1603824533,24200,294,151900,428,False,False
6888373722546294022,1603824533,24200,294,151900,428,True,False
6888031153173892353,1603744730,330000,3712,1100000,3767,False,True
6888031153173892353,1603744730,330000,3712,1100000,3767,False,False
6906559972839034117,1608058825,9902,100,57000,151,False,True
6906559972839034117,1608058825,9902,100,57000,151,False,False
6883532351960288518,1602697317,4911,38,74400,29,False,True
6907464609116982529,1608269434,25200,194,439700,984,False,False
6904294597862755585,1607531357,4075,9,358500,22,False,True
6896976403208604934,1605827489,14400,99,306300,77,True,False
6906139639753559298,1607960939,2883,250,95400,73,False,True
6906139639753559298,1607960939,2883,250,95400,73,False,False
6906139639753559298,1607960939,2883,250,95400,73,True,False
6884902907439779074,1603016378,11100,167,122000,191,False,False
6898598426590678273,1606205115,3376,9,52400,13,False,True
6887590237191572738,1603642069,41200,473,423900,790,False,True
6896520019082005761,1605721197,6013,57,27400,102,False,False
6906822328580181250,1608119890,4436,37,50600,98,False,False
6906822328580181250,1608119890,4436,37,50600,98,False,True
6886119631011007745,1603299667,73300,747,295700,772,False,True
6879933206460648706,1601859281,10300,173,66900,532,False,True
6879933206460648706,1601859281,10300,173,66900,532,False,False
6908295874653342978,1608462977,25200,973,261000,569,True,False
6899497158769200385,1606414370,1051,25,35200,218,False,True
6899497158769200385,1606414370,1051,25,35200,218,True,False
6899497158769200385,1606414370,1051,25,35200,218,False,False
6893496095779933442,1605017135,90600,5724,1100000,1472,False,False
6893496095779933442,1605017135,90600,5724,1100000,1472,True,False
6893496095779933442,1605017135,90600,5724,1100000,1472,False,True
6887618500307864833,1603648650,33000,115,126000,226,False,True
6887618500307864833,1603648650,33000,115,126000,226,False,False
6889092649895087362,1603991878,13200,120,83100,58,False,True
6889092649895087362,1603991878,13200,120,83100,58,False,False
6901832410091064582,1606958115,9048,180,80500,52,False,True
6901832410091064582,1606958115,9048,180,80500,52,True,False
6905034791188434177,1607703697,6447,719,81000,147,False,False
6905034791188434177,1607703697,6447,719,81000,147,True,False
6905034791188434177,1607703697,6447,719,81000,147,False,True
6877816601308073218,1601366469,17400,43,251700,66,False,True
6899978363759267073,1606526407,6289,23,86900,66,False,True
6899978363759267073,1606526407,6289,23,86900,66,True,False
6906244949176569093,1607985474,5415,10,82200,269,False,True
6906244949176569093,1607985474,5415,10,82200,269,False,False
6884703655182880002,1602969986,71800,1179,339100,1179,False,False
6884703655182880002,1602969986,71800,1179,339100,1179,False,True
6907108578482457861,1608186591,15000,763,60700,689,False,True
6907108578482457861,1608186591,15000,763,60700,689,False,False
6878457763668823298,1601515751,1415,9,28600,46,False,True
6878457763668823298,1601515751,1415,9,28600,46,False,False
6878457763668823298,1601515751,1415,9,28600,46,True,False
6875872124968439046,1600913778,3932,13,66100,71,True,False
6875872124968439046,1600913778,3932,13,66100,71,False,True
6875872124968439046,1600913778,3932,13,66100,71,False,False
6901420903322635525,1606862302,5804,26,65500,721,False,True
6897013361804938497,1605836064,102300,2086,1300000,329,False,False
6897013361804938497,1605836064,102300,2086,1300000,329,False,True
6890352437425638658,1604285196,13100,190,71000,110,False,True
6877726677334510849,1601345537,3504,131,51200,122,False,True
6877726677334510849,1601345537,3504,131,51200,122,False,False
6877726677334510849,1601345537,3504,131,51200,122,True,False
6903134814715661570,1607261324,11200,447,139500,370,False,True
6903134814715661570,1607261324,11200,447,139500,370,False,False
6906757897628192005,1608104993,360100,4682,4200000,1225,False,True
6875651291343883522,1600862319,104300,619,2600000,734,False,False
6875651291343883522,1600862319,104300,619,2600000,734,False,True
6880196605513927938,1601920606,2500000,26000,25100000,12000,False,True
6880122437594270978,1601903337,102500,1634,1200000,1243,False,True
6906048081628859650,1607939622,712,11,31900,4,False,True
6897549344015371521,1605960855,1222,7,9282,25,False,True
6897549344015371521,1605960855,1222,7,9282,25,True,False
6882317577692138754,1602414433,3380,55,24000,103,False,True
6905109455466220805,1607721097,6063,89,76500,838,False,True
6893087415263644930,1604921982,6103,52,35800,438,False,True
6893087415263644930,1604921982,6103,52,35800,438,False,False
6905053286374706433,1607708003,2079,43,64800,101,False,True
6905053286374706433,1607708003,2079,43,64800,101,False,False
6903954146630569217,1607452090,5047,44,107600,61,False,True
6903908757386841346,1607441521,3725,13,32000,26,False,False
6903908757386841346,1607441521,3725,13,32000,26,False,True
6885153736222706949,1603074820,11100,59,148300,145,False,True
6876805952117558529,1601131158,17100,370,119000,241,False,True
6904973629524692230,1607689532,46500,2044,427300,124,False,True
6879936527829404933,1601860082,8971,67,61900,271,True,False
6879936527829404933,1601860082,8971,67,61900,271,False,True
6879936527829404933,1601860082,8971,67,61900,271,False,False
6876643374548438274,1601093306,2408,87,19400,148,False,False
6876643374548438274,1601093306,2408,87,19400,148,True,False
6886459209051852038,1603378817,4937,410,95000,25,False,True
6902938842874121474,1607215697,13500,49,143700,564,True,False
6902938842874121474,1607215697,13500,49,143700,564,False,False
6902938842874121474,1607215697,13500,49,143700,564,False,True
6884030480736324869,1602813285,15800,172,163400,233,True,False
6884030480736324869,1602813285,15800,172,163400,233,False,True
6884030480736324869,1602813285,15800,172,163400,233,False,False
6884031629522717953,1602813518,1707,53,29200,39,False,False
6884031629522717953,1602813518,1707,53,29200,39,True,False
6884031629522717953,1602813518,1707,53,29200,39,False,True
6882850172854979845,1602538472,7076,69,65200,117,False,True
6882419822806699266,1602438239,26900,112,90300,478,False,True
6882419822806699266,1602438239,26900,112,90300,478,False,False
6901276149175815426,1606828570,2322,84,94300,45,False,True
6893247155738299650,1604959175,13800,302,201300,85,False,False
6893247155738299650,1604959175,13800,302,201300,85,False,True
6904227603067047170,1607515758,2008,14,99700,678,False,True
6903653180282817794,1607382017,32000,127,161400,1600,False,False
6886068485345070337,1603287760,8639,496,102500,459,False,True
6875749962681044230,1600885341,5494,20,119700,213,False,True
6896576430491143426,1605734333,689,3,14900,36,False,False
6896576430491143426,1605734333,689,3,14900,36,False,True
6881317813173095681,1602181657,8819,963,125200,341,False,True
6881317813173095681,1602181657,8819,963,125200,341,True,False
6903854177072499969,1607428817,2497,27,45500,28,False,False
6903854177072499969,1607428817,2497,27,45500,28,False,True
6903854177072499969,1607428817,2497,27,45500,28,True,False
6875342937002085633,1600790525,49400,37,376400,123,False,True
6890991934324755713,1604434090,1105,39,6792,85,False,True
6880162735208877314,1601912719,11400,14,69000,86,False,True
6880162735208877314,1601912719,11400,14,69000,86,False,True
6882404595394563330,1602434693,40600,2214,605800,696,False,True
6893253061305732357,1604960582,17400,1245,124400,236,False,True
6900492821862599938,1606646187,26400,2421,352200,977,False,False
6900492821862599938,1606646187,26400,2421,352200,977,False,True
6884266018936573189,1602868142,7191,98,83500,181,False,True
6884266018936573189,1602868142,7191,98,83500,181,True,False
6876645435625262338,1601093787,3965,13,26200,75,True,False
6876645435625262338,1601093787,3965,13,26200,75,False,True
6876645435625262338,1601093787,3965,13,26200,75,False,False
6876603307708665093,1601084005,8135,35,58000,250,True,False
6876603307708665093,1601084005,8135,35,58000,250,False,True
6876603307708665093,1601084005,8135,35,58000,250,False,False
6880750408302693637,1602049647,1590,19,70600,34,False,True
6882436135214238981,1602442071,21300,213,72100,513,False,True
6882436135214238981,1602442071,21300,213,72100,513,False,False
6882436135214238981,1602442071,21300,213,72100,513,True,False
6886265289206435074,1603333584,206,0,4620,7,False,False
6886265289206435074,1603333584,206,0,4620,7,True,False
6886265289206435074,1603333584,206,0,4620,7,False,True
6886060490687106306,1603285898,142,69,1853,12,False,False
6886060490687106306,1603285898,142,69,1853,12,True,False
6904778229526039813,1607643976,5594,58,83500,183,False,True
6904778229526039813,1607643976,5594,58,83500,183,False,False
6905010590108978437,1607698094,4593,17,40200,93,False,True
6882547868792524034,1602468058,499,1,28100,12,False,False
6882547868792524034,1602468058,499,1,28100,12,False,True
6882547868792524034,1602468058,499,1,28100,12,True,False
6899861794760690945,1606499264,4774,87,113400,255,False,True
6903940573091187973,1607448976,15000,504,79500,276,False,True
6903940573091187973,1607448976,15000,504,79500,276,True,False
6881237651702254850,1602162993,1396,33,41200,10,False,True
6891048135716506886,1604447205,5979,860,152600,94,False,True
6888322901305478401,1603812656,2973,130,44400,118,False,True
6888322901305478401,1603812656,2973,130,44400,118,False,False
6888322901305478401,1603812656,2973,130,44400,118,True,False
6878665609870052610,1601564143,2802,24,58900,50,False,True
6878665609870052610,1601564143,2802,24,58900,50,False,False
6878665609870052610,1601564143,2802,24,58900,50,True,False
6882038951134137601,1602349560,60300,168,496800,503,False,False
6882038951134137601,1602349560,60300,168,496800,503,True,False
6882038951134137601,1602349560,60300,168,496800,503,False,True
6901322841849974017,1606839442,590400,34400,6700000,2976,False,True
6901322841849974017,1606839442,590400,34400,6700000,2976,False,False
6885779594901867777,1603220498,8013,280,147600,98,False,True
6893823598432226561,1605093388,23700,452,183300,155,False,True
6878282456382835973,1601475012,4703,14,89600,36,True,False
6878282456382835973,1601475012,4703,14,89600,36,False,True
6878282456382835973,1601475012,4703,14,89600,36,False,False
6900478499933408513,1606642852,21700,1103,292500,78,False,True
6900478499933408513,1606642852,21700,1103,292500,78,False,False
6900478499933408513,1606642852,21700,1103,292500,78,True,False
6889624721005006085,1604115798,1993,6,86500,34,False,True
6886843424310414594,1603468189,379,97,20200,192,False,False
6886843424310414594,1603468189,379,97,20200,192,False,True
6892440916234210566,1604771490,9085,22,61700,118,True,False
6892440916234210566,1604771490,9085,22,61700,118,False,True
6892440916234210566,1604771490,9085,22,61700,118,False,False
6901458108372077826,1606870937,7986,65,58500,165,False,True
6904037272048389378,1607471445,63600,1446,222000,2702,False,False
6904096377152785665,1607485207,132900,837,611100,2937,False,True
6887946160837790982,1603725004,9129,59,54500,231,True,False
6887946160837790982,1603725004,9129,59,54500,231,False,True
6887946160837790982,1603725004,9129,59,54500,231,False,False
6905060523184901381,1607709707,6319,5,52600,91,True,False
6905060523184901381,1607709707,6319,5,52600,91,False,True
6905060523184901381,1607709707,6319,5,52600,91,False,False
6881353341465611525,1602189964,9073,14,81300,130,True,False
6881353341465611525,1602189964,9073,14,81300,130,False,True
6881353341465611525,1602189964,9073,14,81300,130,False,False
6875436892226178305,1600812405,34100,245,155500,204,False,True
6875436892226178305,1600812405,34100,245,155500,204,False,False
6902096916776209665,1607019670,39200,103,230700,250,False,True
6889414816922930433,1604066888,26700,340,188400,356,False,True
6889414816922930433,1604066888,26700,340,188400,356,False,True
6880501583231061249,1601991616,307,0,977,5,False,False
6880501583231061249,1601991616,307,0,977,5,True,False
6907309069904776454,1608233235,8839,43,74000,436,False,True
6907309069904776454,1608233235,8839,43,74000,436,True,False
6893846505656995073,1605098721,2906,82,436400,49,False,False
6893846505656995073,1605098721,2906,82,436400,49,False,True
6893481053441281282,1605013633,3644,7,47700,19,False,True
6893481053441281282,1605013633,3644,7,47700,19,True,False
6876369534018669825,1601029547,7045,88,46800,232,False,True
6876369534018669825,1601029547,7045,88,46800,232,False,False
6900256765527477506,1606591226,2384,28,34300,60,False,False
6904736629454359813,1607634293,12400,66,62400,702,False,True
6904736629454359813,1607634293,12400,66,62400,702,True,False
6905378500392324354,1607783723,19600,68,348600,142,False,True
6889818292337249538,1604160829,1535,159,47300,96,False,True
6889521293306236161,1604091680,6276,320,129900,50,False,True
6896543335259933958,1605726667,28800,283,337000,181,False,True
6896543335259933958,1605726667,28800,283,337000,181,False,False
6905462755919269121,1607803341,145200,1219,1500000,1444,False,True
6905462755919269121,1607803341,145200,1219,1500000,1444,True,False
6905462755919269121,1607803341,145200,1219,1500000,1444,False,False
6890631109583867137,1604350079,58000,1417,186800,725,False,False
6890631109583867137,1604350079,58000,1417,186800,725,False,True
6906224943332068610,1607980803,17100,84,345200,321,False,False
6890568657986931970,1604335538,14400,769,246900,295,False,True
6908298047470472450,1608463482,22800,800,153100,297,False,True
6892735023372389634,1604839933,1806,2,49000,7,False,True
6891327911140314370,1604512315,4239,829,80500,206,False,False
6891327911140314370,1604512315,4239,829,80500,206,False,True
6899499316600147201,1606414869,29500,2232,190100,841,False,False
6906112097554271490,1607954527,2190,70,35400,74,False,False
6906112097554271490,1607954527,2190,70,35400,74,True,False
6906112097554271490,1607954527,2190,70,35400,74,False,True
6891017445188848898,1604440030,4074,23,37500,78,True,False
6891017445188848898,1604440030,4074,23,37500,78,False,True
6891017445188848898,1604440030,4074,23,37500,78,False,False
6895042572994104581,1605377239,7281,226,125200,175,False,True
6887391026848320774,1603595721,8851,115,88800,334,False,True
6895089837150440710,1605388242,16400,25,95000,520,False,True
6878834531911224577,1601603474,1650,26,30100,37,False,True
6878834531911224577,1601603474,1650,26,30100,37,False,False
6878834531911224577,1601603474,1650,26,30100,37,True,False
6877178763474423041,1601217960,1868,123,12100,263,False,False
6877178763474423041,1601217960,1868,123,12100,263,True,False
6893175582482255109,1604942558,2395,269,85900,38,False,True
6893175582482255109,1604942558,2395,269,85900,38,False,False
6893175582482255109,1604942558,2395,269,85900,38,True,False
6878259877353966850,1601469676,10600,162,145100,101,False,True
6878259877353966850,1601469676,10600,162,145100,101,False,False
6907916640386813185,1608374679,1579,8,55600,13,False,True
6892345024227331330,1604749130,12100,270,165800,161,False,False
6885675789090704641,1603196328,18900,1708,170100,740,False,True
6903898067490163969,1607439032,23200,51,194200,2104,False,True
6882831253519731970,1602534033,22500,1396,196100,262,False,True
6882831253519731970,1602534033,22500,1396,196100,262,False,False
6883841665841270017,1602769288,243400,2386,3100000,739,True,False
6883841665841270017,1602769288,243400,2386,3100000,739,False,False
6902406836176162049,1607091831,3139,49,23400,135,False,True
6895317957522541825,1605441320,22200,2541,420000,1006,False,True
6893521307023969538,1605023004,8161,420,66100,131,False,True
6901356285833252098,1606847228,2308,74,31000,97,False,True
6876245387871587590,1601000679,23200,3008,462600,102,False,True
6876245387871587590,1601000679,23200,3008,462600,102,False,False
6881741305345592577,1602280261,9136,134,179900,43,False,True
6881741305345592577,1602280261,9136,134,179900,43,True,False
6901026135119760642,1606770359,21800,457,267300,80,False,True
6876007447883042050,1600945242,2914,165,23300,19,False,True
6895851157751680258,1605565467,9030,63,79200,239,False,True
6895851157751680258,1605565467,9030,63,79200,239,False,True
6895851157751680258,1605565467,9030,63,79200,239,False,True
6878751105589824770,1601584049,580,256,85600,0,False,True
6882153629034269957,1602376291,3055,8,88300,54,False,True
6877747486451043590,1601350420,32200,215,123900,2186,False,True
6900396011722689793,1606623647,7064,103,70600,102,True,False
6900396011722689793,1606623647,7064,103,70600,102,False,False
6888849748615367937,1603935325,1770,38,25400,29,False,True
6888849748615367937,1603935325,1770,38,25400,29,False,False
6888849748615367937,1603935325,1770,38,25400,29,True,False
6902555378651794690,1607126415,102000,6645,1100000,644,False,True
6907297390638714118,1608230518,15700,125,90000,142,False,True
6907297390638714118,1608230518,15700,125,90000,142,False,False
6906519148025629953,1608049301,46900,812,488800,489,False,False
6900563923892800769,1606662741,20200,543,87700,333,False,True
6900563923892800769,1606662741,20200,543,87700,333,True,False
6893741937132604673,1605074375,2704,25,35000,48,False,True
6893741937132604673,1605074375,2704,25,35000,48,True,False
6899108523091823874,1606323880,1269,29,259400,10,False,True
6896571117419416834,1605733100,2471,7,157200,10,False,True
6896571117419416834,1605733100,2471,7,157200,10,False,False
6904651986059218178,1607614568,2163,51,35100,22,True,False
6904651986059218178,1607614568,2163,51,35100,22,False,True
6902724999757532418,1607165906,161200,55500,3600000,0,False,True
6902724999757532418,1607165906,161200,55500,3600000,0,False,False
6884777374508911874,1602987150,24000,481,188500,134,False,True
6884777374508911874,1602987150,24000,481,188500,134,True,False
6905063271129287938,1607710329,13500,328,189700,115,False,True
6899411373265063170,1606394393,2287,22,28700,63,False,False
6907540932682321153,1608287203,30000,4415,395100,780,False,False
6907540932682321153,1608287203,30000,4415,395100,780,False,True
6884114945026411778,1602832916,39000,976,1300000,200,False,False
6884114945026411778,1602832916,39000,976,1300000,200,True,False
6884114945026411778,1602832916,39000,976,1300000,200,False,True
6908143157616151813,1608427435,5023,21,79600,75,False,False
6908143157616151813,1608427435,5023,21,79600,75,False,True
6890903823381056769,1604413574,37000,1008,530900,67,False,False
6899852150793358594,1606497019,15000,527,249400,50,False,True
6891455289002839301,1604542002,25100,148,184200,319,False,True
6891455289002839301,1604542002,25100,148,184200,319,True,False
6891455289002839301,1604542002,25100,148,184200,319,False,False
6884574278134582529,1602939862,6972,866,86200,64,False,False
6906503615284808961,1608045685,4262,14,30100,354,True,False
6906503615284808961,1608045685,4262,14,30100,354,False,True
6906503615284808961,1608045685,4262,14,30100,354,False,False
6906503615284808961,1608045685,4262,14,30100,354,True,False
6906503615284808961,1608045685,4262,14,30100,354,True,False
6906503615284808961,1608045685,4262,14,30100,354,False,True
6906503615284808961,1608045685,4262,14,30100,354,True,False
6906503615284808961,1608045685,4262,14,30100,354,False,True
6906503615284808961,1608045685,4262,14,30100,354,True,False
6906503615284808961,1608045685,4262,14,30100,354,False,True
6906503615284808961,1608045685,4262,14,30100,354,False,True
6881844264750353665,1602304233,86200,3311,434600,1083,False,True
6881844264750353665,1602304233,86200,3311,434600,1083,False,False
6876827705950752005,1601136277,127000,5722,3900000,1887,True,False
6876827705950752005,1601136277,127000,5722,3900000,1887,False,True
6901719665584672005,1606931872,13000,21,248000,865,False,True
6886117069851479297,1603299072,2187,6,34900,27,False,True
6886117069851479297,1603299072,2187,6,34900,27,False,False
6879192624402582790,1601686879,311800,21300,2200000,1344,True,False
6879192624402582790,1601686879,311800,21300,2200000,1344,False,True
6893922308096937222,1605116417,8501,46,79600,60,True,False
6893922308096937222,1605116417,8501,46,79600,60,False,True
6893922308096937222,1605116417,8501,46,79600,60,False,False
6906504850712907009,1608045972,2489,22,11000,29,True,False
6906504850712907009,1608045972,2489,22,11000,29,False,False
6905464131097332997,1607803677,1443,4,34500,52,False,True
6907491921220947205,1608275867,5715,70,54800,114,False,True
6883622094190497025,1602718174,5559,8,62700,41,False,True
6879452591953153282,1601747377,48700,179,154600,970,False,True
6885246252078910722,1603096320,11900,87,3400000,52,False,True
6885246252078910722,1603096320,11900,87,3400000,52,True,False
6879769716567657730,1601821213,83700,1890,1200000,1501,False,False
6889412974012943618,1604066459,15400,5230,818700,372,False,False
6907668397484559617,1608316881,2445,120,32600,183,True,False
6899729878560656641,1606468551,8243,223,30500,315,False,True
6899729878560656641,1606468551,8243,223,30500,315,True,False
6900566632859585793,1606663373,74300,610,622700,1440,False,True
6900566632859585793,1606663373,74300,610,622700,1440,True,False
6901723835310116101,1606932849,5021,29,62000,549,False,False
6904422505843363077,1607561159,28100,206,178400,488,False,True
6904422505843363077,1607561159,28100,206,178400,488,True,False
6889521523833474305,1604091733,50900,1968,914000,300,False,True
6889521523833474305,1604091733,50900,1968,914000,300,False,False
6892711484695121153,1604834453,12800,287,172200,520,False,True
6899489414460837121,1606412563,2266,12,41800,25,False,True
6899489414460837121,1606412563,2266,12,41800,25,True,False
6899489414460837121,1606412563,2266,12,41800,25,False,False
6907971568165604610,1608387468,3900000,164700,29900000,61200,False,True
6905755896115236098,1607871592,4739,13,116600,56,True,False
6896497936558001410,1605716055,35600,1247,360800,419,False,True
6878796954650889473,1601594727,43400,539,152400,702,False,True
6878590867968380162,1601546741,33000,80,327900,156,False,False
6878590867968380162,1601546741,33000,80,327900,156,False,True
6882735576160783617,1602511756,48300,559,747400,1252,False,True
6882735576160783617,1602511756,48300,559,747400,1252,False,False
6879809686552530178,1601830519,12000,269,170500,942,False,False
6904066579655396610,1607478269,2698,134,48600,185,False,False
6905139893425474818,1607728171,3373,27,38500,121,False,False
6888341759622008066,1603817047,1090,7,10100,50,False,True
6888341759622008066,1603817047,1090,7,10100,50,True,False
6892096873453145350,1604691397,5814,35,53600,390,False,True
6881250870374321414,1602166166,10000,18,81900,112,True,False
6881250870374321414,1602166166,10000,18,81900,112,False,True
6881250870374321414,1602166166,10000,18,81900,112,False,False
6900701600440978694,1606694828,2428,78,65200,33,False,True
6882920923314326785,1602554912,3854,46,41600,91,False,False
6882920923314326785,1602554912,3854,46,41600,91,True,False
6882920923314326785,1602554912,3854,46,41600,91,False,True
6892201986381335810,1604715827,3260,66,36600,31,False,False
6892201986381335810,1604715827,3260,66,36600,31,False,True
6892201986381335810,1604715827,3260,66,36600,31,True,False
6902294648451075330,1607065709,168,8,6046,14,False,False
6902294648451075330,1607065709,168,8,6046,14,True,False
6895756274844077314,1605543374,8831,117,103300,238,False,True
6888674709433535745,1603894568,570,0,3637,3,False,True
6892822437671570690,1604860287,426100,6805,1500000,5574,False,True
6892822437671570690,1604860287,426100,6805,1500000,5574,True,False
6904966483730894082,1607687793,2462,5,65700,18,False,False
6904966483730894082,1607687793,2462,5,65700,18,True,False
6880924024227040513,1602089971,36700,489,547700,7568,True,False
6880924024227040513,1602089971,36700,489,547700,7568,False,True
6901216792186785025,1606814750,116200,3338,1600000,4367,False,False
6888809548895849734,1603925999,10200,55,95200,297,True,False
6888809548895849734,1603925999,10200,55,95200,297,False,True
6888809548895849734,1603925999,10200,55,95200,297,False,False
6902725442260749570,1607166009,4193,12,127200,13,False,True
6902725442260749570,1607166009,4193,12,127200,13,False,False
6901833660224326914,1606958377,700,8,35800,68,False,True
6882388794671107330,1602431014,10900,5,76500,163,False,False
6897420741642390789,1605930946,2111,44,97100,37,False,False
6897420741642390789,1605930946,2111,44,97100,37,False,True
6878973704689175809,1601635877,2031,208,110300,59,False,False
6878973704689175809,1601635877,2031,208,110300,59,False,True
6878973704689175809,1601635877,2031,208,110300,59,True,False
6904182931909004545,1607505358,4221,78,37500,77,False,True
6895048600355704070,1605378639,27400,156,75300,475,True,False
6905110082913045762,1607721228,7207,262,54800,119,False,True
6905110082913045762,1607721228,7207,262,54800,119,False,False
6879055195330858245,1601654890,6858,48,78500,169,True,False
6879055195330858245,1601654890,6858,48,78500,169,False,True
6879055195330858245,1601654890,6858,48,78500,169,False,False
6880839179677256962,1602070217,5134,21,70600,12,False,False
6887869748458130690,1603707149,149,62,3378,42,False,False
6887869748458130690,1603707149,149,62,3378,42,True,False
6877774951361875201,1601356771,9254,2,64700,22,False,True
6878710443926473986,1601574582,13800,14,155000,142,False,True
6895491816532069637,1605481831,6239,53,106200,89,False,True
6895491816532069637,1605481831,6239,53,106200,89,False,False
6897270609915661569,1605895958,1882,26,70800,24,False,False
6897270609915661569,1605895958,1882,26,70800,24,True,False
6890591494126718210,1604340855,1620,0,71300,25,False,False
6879407225769692418,1601736814,5479,131,79000,95,False,False
6893869437884091649,1605104060,46100,31,321400,199,False,True
6893869437884091649,1605104060,46100,31,321400,199,True,False
6904396013923060994,1607554971,20500,317,190200,256,False,False
6904396013923060994,1607554971,20500,317,190200,256,False,True
6902459846260559106,1607104171,2029,8,26900,27,False,False
6890655206644747522,1604355690,28400,144,690100,117,False,True
6907670356887211265,1608317338,8042,785,289800,208,False,False
6889105902234864901,1603995012,7226,16,74700,96,True,False
6889105902234864901,1603995012,7226,16,74700,96,False,True
6889105902234864901,1603995012,7226,16,74700,96,False,False
6901387960424484097,1606854603,102800,6206,889700,745,False,True
6907974329305156866,1608388111,31100,1313,294700,880,False,True
6907792796111981829,1608345862,10400,364,54000,126,False,True
6877473712652799234,1601286634,1283,36,59400,116,False,True
6905378711986801922,1607783772,3719,40,45500,80,False,False
6899418795987717377,1606396121,3090,20,36300,89,False,True
6905031739127713026,1607702986,3386,1,60300,36,False,True
6883270499741273349,1602636335,12600,61,53900,215,False,True
6900178346919857410,1606572967,7320,118,29000,424,False,True
6900178346919857410,1606572967,7320,118,29000,424,False,False
6901155395100806401,1606800456,23900,887,105700,171,False,True
6901155395100806401,1606800456,23900,887,105700,171,False,False
6887605177591942405,1603645586,5574,268,117200,538,False,True
6887605177591942405,1603645586,5574,268,117200,538,True,False
6895349449107754245,1605448790,9570,31,71500,83,False,True
6895349449107754245,1605448790,9570,31,71500,83,False,False
6903703219923340550,1607393695,14600,82,114400,92,True,False
6903703219923340550,1607393695,14600,82,114400,92,False,True
6903703219923340550,1607393695,14600,82,114400,92,False,False
6878719985535962369,1601576803,1319,7,25800,14,False,True
6884399255302245633,1602899112,1428,66,24800,22,False,False
6884399255302245633,1602899112,1428,66,24800,22,False,True
6884399255302245633,1602899112,1428,66,24800,22,True,False
6875739742340762885,1600882957,9469,147,209700,304,True,False
6875739742340762885,1600882957,9469,147,209700,304,False,True
6875739742340762885,1600882957,9469,147,209700,304,False,False
6882043160806116609,1602350540,11700,830,73700,157,False,True
6882043160806116609,1602350540,11700,830,73700,157,False,False
6889712383049108737,1604136170,93,2,5377,2,False,False
6889712383049108737,1604136170,93,2,5377,2,True,False
6891701560221404417,1604599312,3142,11,36900,160,False,True
6891701560221404417,1604599312,3142,11,36900,160,True,False
6891701560221404417,1604599312,3142,11,36900,160,False,False
6903574645899939074,1607363730,14400,29,208900,77,False,False
6903574645899939074,1607363730,14400,29,208900,77,False,True
6907365817118166278,1608246447,9021,63,78000,100,False,False
6907365817118166278,1608246447,9021,63,78000,100,False,True
6898194233778261250,1606111006,3919,38,46700,66,False,False
6891693185693797634,1604597362,3860,669,71500,68,False,True
6891693185693797634,1604597362,3860,669,71500,68,False,False
6891693185693797634,1604597362,3860,669,71500,68,True,False
6891747931905330433,1604610109,1885,44,39200,42,False,False
6901995461238934785,1606996048,16400,76,212500,286,True,False
6901995461238934785,1606996048,16400,76,212500,286,False,True
6896895803676200198,1605808735,3257,96,65300,13,False,True
6896895803676200198,1605808735,3257,96,65300,13,True,False
6906077607750618369,1607946496,1371,148,44000,89,False,True
6903157559578987777,1607266619,5320,23,47400,50,False,False
6903157559578987777,1607266619,5320,23,47400,50,False,True
6885726005357530370,1603208019,1515,416,106800,17,False,True
6906514521582570753,1608048223,17000,225,189100,78,False,False
6906514521582570753,1608048223,17000,225,189100,78,False,True
6880928709956635909,1602091100,9881,77,86600,203,True,False
6880928709956635909,1602091100,9881,77,86600,203,False,True
6880928709956635909,1602091100,9881,77,86600,203,False,False
6897535476454952194,1605957626,6667,3,60900,35,False,True
6906416223785864450,1608025337,7961,432,109800,77,False,True
6898022622110436609,1606071049,3440,26,47100,7,False,True
6898022622110436609,1606071049,3440,26,47100,7,False,False
6891713222534089985,1604602027,13800,2114,252600,284,False,False
6891713222534089985,1604602027,13800,2114,252600,284,False,True
6893875244742741253,1605105491,14100,733,147500,182,False,True
6893875244742741253,1605105491,14100,733,147500,182,False,False
6884646106970590470,1602956633,30200,20,139400,79,False,True
6884646106970590470,1602956633,30200,20,139400,79,False,False
6886033905531538689,1603279709,31100,305,163100,833,False,True
6896172646669552897,1605640318,4024,20,25200,108,False,False
6896172646669552897,1605640318,4024,20,25200,108,False,True
6898451979207478533,1606171047,4854,13,50000,35,False,True
6899128133430037765,1606328467,6289,51,61100,318,False,True
6899128133430037765,1606328467,6289,51,61100,318,False,False
6899128133430037765,1606328467,6289,51,61100,318,True,False
6879476802050460934,1601753052,309900,4888,1500000,2003,False,False
6879476802050460934,1601753052,309900,4888,1500000,2003,False,True
6884287238138645761,1602873031,513,6,65800,11,False,False
6894316591450705154,1605208171,12100,76,78800,119,False,False
6894316591450705154,1605208171,12100,76,78800,119,False,True
6903974884154608897,1607456918,1089,10,32300,6,False,False
6877606750900538626,1601317608,67300,387,1700000,424,False,True
6886527878100438273,1603394720,19000,17,84200,146,False,True
6886527878100438273,1603394720,19000,17,84200,146,False,False
6882738915724233985,1602512534,1246,94,46000,65,False,True
6882738915724233985,1602512534,1246,94,46000,65,False,False
6880527115037478145,1601997558,12400,127,62100,313,False,True
6880527115037478145,1601997558,12400,127,62100,313,False,False
6881793753036721414,1602292500,4947,19,68200,110,True,False
6881793753036721414,1602292500,4947,19,68200,110,False,True
6881793753036721414,1602292500,4947,19,68200,110,False,False
6880493048011263233,1601989627,5624,15,166500,250,False,True
6905961818062114054,1607919562,20400,476,70900,256,False,True
6903188918078852354,1607273921,5611,20,63800,184,False,True
6885276983870196994,1603103475,104700,2421,1900000,709,False,True
6885276983870196994,1603103475,104700,2421,1900000,709,False,False
6879902533876337925,1601852172,15100,60,139100,99,True,False
6879902533876337925,1601852172,15100,60,139100,99,False,True
6879902533876337925,1601852172,15100,60,139100,99,False,False
6906243777036389637,1607985203,12600,12,64300,33,False,True
6906243777036389637,1607985203,12600,12,64300,33,True,False
6906243777036389637,1607985203,12600,12,64300,33,False,False
6904612666099305729,1607605413,33400,594,143700,173,False,True
6893910918913117441,1605113718,11400,45,68100,294,False,True
6897625010668637441,1605978473,17800,123,103000,281,False,True
6880694458552175874,1602036522,2315,147,35700,31,False,True
6880694458552175874,1602036522,2315,147,35700,31,False,False
6880694458552175874,1602036522,2315,147,35700,31,True,False
6886291383246671109,1603339711,23000,206,136600,103,True,False
6886291383246671109,1603339711,23000,206,136600,103,False,True
6886291383246671109,1603339711,23000,206,136600,103,False,False
6888483056588508417,1603849947,2021,78,25500,89,False,True
6888483056588508417,1603849947,2021,78,25500,89,False,False
6888483056588508417,1603849947,2021,78,25500,89,True,False
6891645928797703425,1604586359,74300,844,684200,1613,False,False
6883133559482191105,1602604419,2233,17,39700,16,False,True
6886618708731546886,1603415906,12800,18,105100,285,False,True
6876422232772578561,1601041816,18900,67,189800,77,False,False
6876422232772578561,1601041816,18900,67,189800,77,False,True
6897931927257484545,1606049932,271500,2119,2800000,8129,False,True
6881337151901027586,1602186160,971,9,79000,11,False,True
6899706911059397893,1606463291,82200,10500,1500000,511,False,True
6899706911059397893,1606463291,82200,10500,1500000,511,False,False
6904264506998951169,1607524350,9280,35,144100,53,False,True
6904264506998951169,1607524350,9280,35,144100,53,True,False
6890518277752163585,1604323807,2932,439,40800,91,True,False
6890518277752163585,1604323807,2932,439,40800,91,False,True
6897185128322174209,1605876054,1620,18,89200,94,False,True
6897185128322174209,1605876054,1620,18,89200,94,False,False
6896449137420619009,1605704693,3542,41,51800,39,False,True
6879439037619342598,1601744262,22500,168,99900,354,False,True
6879439037619342598,1601744262,22500,168,99900,354,False,False
6879439037619342598,1601744262,22500,168,99900,354,True,False
6888826582786395394,1603929930,4053,56,67000,88,False,True
6888826582786395394,1603929930,4053,56,67000,88,False,False
6886763008966577410,1603449466,1794,8,74500,15,False,True
6886763008966577410,1603449466,1794,8,74500,15,True,False
6886763008966577410,1603449466,1794,8,74500,15,False,False
6879222014880664833,1601693692,1100,14,30100,63,False,True
6879222014880664833,1601693692,1100,14,30100,63,False,False
6879222014880664833,1601693692,1100,14,30100,63,True,False
6885565252151315718,1603170674,7207,2,71400,59,False,True
6885540773987667205,1603164950,13600,100,127500,148,True,False
6885540773987667205,1603164950,13600,100,127500,148,False,True
6885540773987667205,1603164950,13600,100,127500,148,False,False
6875405441472498949,1600805109,9630,58,118700,65,True,False
6875405441472498949,1600805109,9630,58,118700,65,False,True
6875405441472498949,1600805109,9630,58,118700,65,False,False
6892107260181499137,1604693772,12900,128,85500,75,False,True
6892107260181499137,1604693772,12900,128,85500,75,False,False
6892107260181499137,1604693772,12900,128,85500,75,True,False
6906137577003175169,1607960459,2098,28,36700,70,True,False
6906137577003175169,1607960459,2098,28,36700,70,False,False
6883180152164011265,1602615267,25100,748,433100,657,False,True
6879000638458449153,1601642148,218,1,3313,18,False,True
6879000638458449153,1601642148,218,1,3313,18,True,False
6879000638458449153,1601642148,218,1,3313,18,False,False
6877191692341054721,1601220970,13300,152,129300,111,False,False
6877191692341054721,1601220970,13300,152,129300,111,True,False
6883484287434378497,1602686079,26600,3392,449300,668,True,False
6883484287434378497,1602686079,26600,3392,449300,668,False,False
6898721943978036481,1606233872,10000,111,72200,274,False,True
6898721943978036481,1606233872,10000,111,72200,274,False,False
